Tanggal	Kasus harian	Kasus Impor	Kasus Lokal	Total kasus	Kasus aktif	% kasus aktif	"Sembuh (baru)"	Sembuh	Tingkat kesembuhan (seluruh kasus)	Tingkat kesembuhan (closed cases)	"Meninggal (baru)"
2-Mar	2	0	2	2	2	100.00%	0	0	0.00%	0	0
3-Mar	0	0	0	2	2	100.00%	0	0	0.00%		0
4-Mar	0	0	0	2	2	100.00%	0	0	0.00%		0
5-Mar	0	0	0	2	2	100.00%	0	0	0.00%		0
6-Mar	2	0	2	4	4	100.00%	0	0	0.00%		0
7-Mar	0	0	0	4	4	100.00%	0	0	0.00%		0
8-Mar	2	1	1	6	6	100.00%	0	0	0.00%		0
9-Mar	13	7	6	19	19	100.00%	0	0	0.00%		0
10-Mar	8	5	3	27	27	100.00%	0	0	0.00%		0
12-Mar	0	0	0	34	27	79.41%	1	3	8.82%	42.86%	2
13-Mar	35			69	60	86.96%	2	5	7.25%	55.56%	0
14-Mar	27			96	83	86.46%	3	8	8.33%	61.54%	1
15-Mar	21			117	104	88.89%	0	8	6.84%	61.54%	0
16-Mar	17			134	121	90.30%	0	8	5.97%	61.54%	0
17-Mar	38			172	156	90.70%	1	9	5.23%	56.25%	2
18-Mar	55			227	197	86.78%	2	11	4.85%	36.67%	12
19-Mar	82			309	269	87.06%	4	15	4.85%	37.50%	6
20-Mar	60			369	321	86.99%	1	16	4.34%	33.33%	7
21-Mar	81			450	392	87.11%	4	20	4.44%	34.48%	6
22-Mar	64			514	437	85.02%	9	29	5.64%	37.66%	10
23-Mar	65			579	500	86.36%	1	30	5.18%	37.97%	1
24-Mar	106			685	600	87.59%	0	30	4.38%	35.29%	6
25-Mar	105			790	701	88.73%	1	31	3.92%	34.83%	3
26-Mar	103			893	780	87.35%	4	35	3.92%	30.97%	20
27-Mar	153			1,046	913	87.28%	11	46	4.40%	34.59%	9
28-Mar	109			1,155	994	86.06%	13	59	5.11%	36.65%	15
29-Mar	130			1,285	1,107	86.15%	5	64	4.98%	35.96%	12
30-Mar	129			1,414	1,217	86.07%	11	75	5.30%	38.07%	8
31-Mar	114			1,528	1,311	85.80%	6	81	5.30%	37.33%	14
1-Apr	149			1,677	1,417	84.50%	22	103	6.14%	39.62%	21
2-Apr	113			1,790	1,508	84.25%	9	112	6.26%	39.72%	13
3-Apr	196			1,986	1,671	84.14%	22	134	6.75%	42.54%	11
4-Apr	106			2,092	1,751	83.70%	16	150	7.17%	43.99%	10
5-Apr	181			2,273	1,911	84.07%	14	164	7.22%	45.30%	7
6-Apr	218			2,491	2,090	83.90%	28	192	7.71%	47.88%	11
7-Apr	247			2,738	2,313	84.48%	12	204	7.45%	48.00%	12
8-Apr	218			2,956	2,494	84.37%	18	222	7.51%	48.05%	19
9-Apr	337			3,293	2,761	83.84%	30	252	7.65%	47.37%	40
10-Apr	219			3,512	2,924	83.26%	30	282	8.03%	47.96%	26
11-Apr	330			3,842	3,229	84.04%	4	286	7.44%	46.66%	21
12-Apr	399			4,241	3,509	82.74%	73	359	8.46%	49.04%	46
13-Apr	316			4,557	3,778	82.91%	21	380	8.34%	48.78%	26
14-Apr	282			4,839	3,954	81.71%	46	426	8.80%	48.14%	60
15-Apr	297			5,136	4,221	82.18%	20	446	8.68%	48.74%	10
16-Apr	380			5,516	4,472	81.07%	102	548	9.93%	52.49%	27
17-Apr	407			5,923	4,796	80.97%	59	607	10.25%	53.86%	24
18-Apr	325			6,248	5,082	81.34%	24	631	10.10%	54.12%	15
19-Apr	327			6,575	5,307	80.71%	55	686	10.43%	54.10%	47
20-Apr	185			6,760	5,423	80.22%	61	747	11.05%	55.87%	8
21-Apr	375			7,135	5,677	79.57%	95	842	11.80%	57.75%	26
22-Apr	283			7,418	5,869	79.12%	71	913	12.31%	58.94%	20
23-Apr	357			7,775	6,168	79.33%	47	960	12.35%	59.74%	11
24-Apr	436			8,211	6,520	79.41%	42	1,002	12.20%	59.25%	42
25-Apr	396			8,607	6,845	79.53%	40	1,042	12.11%	59.14%	31
26-Apr	275			8,882	7,032	79.17%	65	1,107	12.46%	59.84%	23
27-Apr	214			9,096	7,180	78.94%	44	1,151	12.65%	60.07%	22
28-Apr	415			9,511	7,484	78.69%	103	1,254	13.18%	61.86%	8
29-Apr	260			9,771	7,596	77.74%	137	1,391	14.24%	63.95%	11
30-Apr	347			10,118	7,804	77.13%	131	1,522	15.04%	65.77%	8
1-May	433			10,551	8,160	77.34%	69	1,591	15.08%	66.54%	8
2-May	292			10,843	8,347	76.98%	74	1,665	15.36%	66.71%	31
3-May	349			11,192	8,471	75.69%	211	1,876	16.76%	68.95%	14
4-May	395			11,587	8,769	75.68%	78	1,954	16.86%	69.34%	19
5-May	484			12,071	9,002	74.58%	243	2,197	18.20%	71.59%	8
6-May	367			12,438	9,226	74.18%	120	2,317	18.63%	72.14%	23
7-May	338			12,776	9,465	74.08%	64	2,381	18.64%	71.91%	35
8-May	336			13,112	9,675	73.79%	113	2,494	19.02%	72.56%	13
9-May	533			13,645	10,079	73.87%	113	2,607	19.11%	73.11%	16
10-May	387			14,032	10,361	73.84%	91	2,698	19.23%	73.49%	14
11-May	233			14,265	10,393	72.86%	183	2,881	20.20%	74.41%	18
12-May	484			14,749	10,679	72.40%	182	3,063	20.77%	75.26%	16
13-May	689			15,438	11,123	72.05%	224	3,287	21.29%	76.18%	21
14-May	568			16,006	11,445	71.50%	231	3,518	21.98%	77.13%	15
15-May	490			16,496	11,617	70.42%	285	3,803	23.05%	77.95%	33
16-May	529			17,025	12,025	70.63%	108	3,911	22.97%	78.22%	13
17-May	489			17,514	12,237	69.87%	218	4,129	23.58%	78.25%	59
18-May	496			18,010	12,495	69.38%	195	4,324	24.01%	78.40%	43
19-May	486			18,496	12,808	69.25%	143	4,467	24.15%	78.53%	30
20-May	693			19,189	13,372	69.69%	108	4,575	23.84%	78.65%	21
21-May	973			20,162	14,046	69.67%	263	4,838	24.00%	79.10%	36
22-May	634			20,796	14,413	69.31%	219	5,057	24.32%	79.23%	48
23-May	949			21,745	15,145	69.65%	192	5,249	24.14%	79.53%	25
24-May	526			22,271	15,497	69.58%	153	5,402	24.26%	79.75%	21
25-May	479			22,750	15,717	69.09%	240	5,642	24.80%	80.22%	19
26-May	415			23,165	15,870	68.51%	235	5,877	25.37%	80.56%	27
27-May	686			23,851	16,321	68.43%	180	6,057	25.40%	80.44%	55
28-May	687			24,538	16,802	68.47%	183	6,240	25.43%	80.66%	23
29-May	678			25,216	17,204	68.23%	252	6,492	25.75%	81.03%	24
30-May	557			25,773	17,185	66.68%	523	7,015	27.22%	81.68%	53
31-May	700			26,473	17,552	66.30%	293	7,308	27.61%	81.92%	40
1-Jun	467			26,940	17,662	65.56%	329	7,637	28.35%	82.31%	28
2-Jun	609			27,549	17,951	65.16%	298	7,935	28.80%	82.67%	22
3-Jun	684			28,233	18,129	64.21%	471	8,406	29.77%	83.19%	35
4-Jun	585			28,818	18,205	63.17%	486	8,892	30.86%	83.78%	23
5-Jun	703			29,521	18,308	62.02%	551	9,443	31.99%	84.21%	49
6-Jun	993			30,514	18,806	61.63%	464	9,907	32.47%	84.62%	31
7-Jun	672			31,186	18,837	60.40%	591	10,498	33.66%	85.01%	50
8-Jun	847			32,033	19,246	60.08%	406	10,904	34.04%	85.27%	32
9-Jun	1,043			33,076	19,739	59.68%	510	11,414	34.51%	85.58%	40
10-Jun	1,240			34,316	20,228	58.95%	715	12,129	35.35%	86.09%	36
11-Jun	979			35,295	20,659	58.53%	507	12,636	35.80%	86.34%	41
12-Jun	1,111			36,406	21,145	58.08%	577	13,213	36.29%	86.58%	48
13-Jun	1,014			37,420	21,553	57.60%	563	13,776	36.81%	86.82%	43
14-Jun	857			38,277	21,612	56.46%	755	14,531	37.96%	87.19%	43
15-Jun	1,017			39,294	21,973	55.92%	592	15,123	38.49%	87.31%	64
16-Jun	1,106			40,400	22,466	55.61%	580	15,703	38.87%	87.56%	33
17-Jun	1,031			41,431	22,912	55.30%	540	16,243	39.20%	87.71%	45
18-Jun	1,331			42,762	23,625	55.25%	555	16,798	39.28%	87.78%	63
19-Jun	1,041			43,803	24,081	54.98%	551	17,349	39.61%	87.97%	34
20-Jun	1,226			45,029	24,717	54.89%	534	17,883	39.71%	88.04%	56
21-Jun	862			45,891	25,022	54.52%	521	18,404	40.10%	88.19%	36
22-Jun	954			46,845	25,610	54.67%	331	18,735	39.99%	88.23%	35
23-Jun	1,051			47,896	26,120	54.53%	506	19,241	40.17%	88.36%	35
24-Jun	1,113			49,009	26,778	54.64%	417	19,658	40.11%	88.43%	38
25-Jun	1,178			50,187	27,118	54.03%	791	20,449	40.75%	88.64%	47
26-Jun	1,240			51,427	27,411	53.30%	884	21,333	41.48%	88.83%	63
27-Jun	1,385			52,812	28,183	53.36%	576	21,909	41.48%	88.96%	37
28-Jun	1,198			54,010	28,320	52.43%	1,027	22,936	42.47%	89.28%	34
29-Jun	1,082			55,092	28,487	51.71%	864	23,800	43.20%	89.46%	51
30-Jun	1,293			56,385	28,703	50.91%	1,006	24,806	43.99%	89.61%	71
1-Jul	1,385			57,770	29,241	50.62%	789	25,595	44.31%	89.72%	58
2-Jul	1,624			59,394	29,740	50.07%	1,072	26,667	44.90%	89.93%	53
3-Jul	1,301			60,695	30,091	49.58%	901	27,568	45.42%	90.08%	49
4-Jul	1,447			62,142	30,834	49.62%	651	28,219	45.41%	90.13%	53
5-Jul	1,607			63,749	31,473	49.37%	886	29,105	45.66%	90.18%	82
6-Jul	1,209			64,958	31,798	48.95%	814	29,919	46.06%	90.23%	70
7-Jul	1,268			66,226	32,132	48.52%	866	30,785	46.48%	90.29%	68
8-Jul	1,853			68,079	33,135	48.67%	800	31,585	46.39%	90.39%	50
9-Jul	2,657			70,736	34,668	49.01%	1,066	32,651	46.16%	90.53%	58
10-Jul	1,611			72,347	35,349	48.86%	878	33,529	46.34%	90.62%	52
11-Jul	1,671			74,018	35,764	48.32%	1,190	34,719	46.91%	90.76%	66
12-Jul	1,681			75,699	36,455	48.16%	919	35,638	47.08%	90.81%	71
13-Jul	1,282			76,981	36,636	47.59%	1,051	36,689	47.66%	90.94%	50
14-Jul	1,591			78,572	37,226	47.38%	947	37,636	47.90%	91.03%	54
15-Jul	1,522			80,094	37,247	46.50%	1,414	39,050	48.76%	91.14%	87
16-Jul	1,574			81,668	37,450	45.86%	1,295	40,345	49.40%	91.24%	76
17-Jul	1,462			83,130	37,339	44.92%	1,489	41,834	50.32%	91.36%	84
18-Jul	1,752			84,882	37,598	44.29%	1,434	43,268	50.97%	91.51%	59
19-Jul	1,639			86,521	36,977	42.74%	2,133	45,401	52.47%	91.64%	127
20-Jul	1,693			88,214	36,998	41.94%	1,576	46,977	53.25%	91.72%	96
21-Jul	1,655			89,869	37,083	41.26%	1,489	48,466	53.93%	91.82%	81
22-Jul	1,882			91,751	37,037	40.37%	1,789	50,255	54.77%	91.85%	139
23-Jul	1,906			93,657	36,917	39.42%	1,909	52,164	55.70%	91.94%	117
24-Jul	1,761			95,418	36,808	38.58%	1,781	53,945	56.54%	92.04%	89
25-Jul	1,868			97,286	37,218	38.26%	1,409	55,354	56.90%	92.15%	49
26-Jul	1,492			98,778	37,342	37.80%	1,301	56,655	57.36%	92.22%	67
27-Jul	1,525			100,303	37,292	37.18%	1,518	58,173	58.00%	92.32%	57
28-Jul	1,748			102,051	36,611	35.88%	2,366	60,539	59.32%	92.51%	63
29-Jul	2,381			104,432	37,319	35.74%	1,599	62,138	59.50%	92.59%	74
30-Jul	1,904			106,336	36,986	34.78%	2,154	64,292	60.46%	92.71%	83
31-Jul	2,040			108,376	37,338	34.45%	1,615	65,907	60.81%	92.78%	73
1-Aug	1,560			109,936	36,824	33.50%	2,012	67,919	61.78%	92.90%	62
2-Aug	1,519			111,455	37,244	33.42%	1,056	68,975	61.89%	92.94%	43
3-Aug	1,679			113,134	37,595	33.23%	1,262	70,237	62.08%	92.98%	66
4-Aug	1,922			115,056	37,618	32.70%	1,813	72,050	62.62%	93.04%	86
5-Aug	1,815			116,871	37,530	32.11%	1,839	73,889	63.22%	93.13%	64
6-Aug	1,882			118,753	37,587	31.65%	1,756	75,645	63.70%	93.20%	69
7-Aug	2,473			121,226	38,076	31.41%	1,912	77,557	63.98%	93.27%	72
8-Aug	2,277			123,503	38,539	31.20%	1,749	79,306	64.21%	93.34%	65
9-Aug	1,893			125,396	38,721	30.88%	1,646	80,952	64.56%	93.40%	65
10-Aug	1,687			127,083	39,082	30.75%	1,284	82,236	64.71%	93.45%	42
11-Aug	1,693			128,776	39,242	30.47%	1,474	83,710	65.00%	93.50%	59
12-Aug	1,942			130,718	39,017	29.85%	2,088	85,798	65.64%	93.56%	79
13-Aug	2,098			132,816	39,290	29.58%	1,760	87,558	65.92%	93.62%	65
14-Aug	2,307			135,123	39,484	29.22%	2,060	89,618	66.32%	93.70%	53
15-Aug	2,345			137,468	40,076	29.15%	1,703	91,321	66.43%	93.77%	50
16-Aug	2,081			139,549	40,296	28.88%	1,782	93,103	66.72%	93.80%	79
17-Aug	1,821			141,370	40,705	28.79%	1,355	94,458	66.82%	93.83%	57
18-Aug	1,673			143,043	40,460	28.29%	1,848	96,306	67.33%	93.88%	70
19-Aug	1,902			144,945	39,942	27.56%	2,351	98,657	68.07%	93.96%	69
20-Aug	2,266			147,211	40,119	27.25%	2,017	100,674	68.39%	94.01%	72
21-Aug	2,197			149,408	39,917	26.72%	2,317	102,991	68.93%	94.06%	82
22-Aug	2,090			151,498	39,706	26.21%	2,207	105,198	69.44%	94.10%	94
23-Aug	2,037			153,535	39,355	25.63%	2,302	107,500	70.02%	94.15%	86
24-Aug	1,877			155,412	37,593	24.19%	3,560	111,060	71.46%	94.26%	79
25-Aug	2,447			157,859	38,134	24.16%	1,807	112,867	71.50%	94.27%	99
26-Aug	2,306			160,165	37,812	23.61%	2,542	115,409	72.06%	94.32%	86
27-Aug	2,719			162,884	37,245	22.87%	3,166	118,575	72.80%	94.38%	120
28-Aug	3,003			165,887	37,818	22.80%	2,325	120,900	72.88%	94.40%	105
29-Aug	3,308			169,195	39,132	23.13%	1,902	122,802	72.58%	94.42%	92
30-Aug	2,858			172,053	40,525	23.55%	1,383	124,185	72.18%	94.42%	82
31-Aug	2,743			174,796	41,420	23.70%	1,774	125,959	72.06%	94.44%	74
1-Sep	2,775			177,571	42,009	23.66%	2,098	128,057	72.12%	94.46%	88
2-Sep	3,075			180,646	43,059	23.84%	1,914	129,971	71.95%	94.46%	111
3-Sep	3,622			184,268	44,463	24.13%	2,084	132,055	71.66%	94.46%	134
4-Sep	3,269			187,537	45,524	24.27%	2,126	134,181	71.55%	94.49%	82
5-Sep	3,128			190,665	46,324	24.30%	2,220	136,401	71.54%	94.50%	108
6-Sep	3,444			194,109	47,509	24.48%	2,174	138,575	71.39%	94.53%	85
7-Sep	2,880			196,989	48,207	24.47%	2,077	140,652	71.40%	94.54%	105
8-Sep	3,046			200,035	48,847	24.42%	2,306	142,958	71.47%	94.56%	100
9-Sep	3,307			203,342	49,806	24.49%	2,242	145,200	71.41%	94.57%	106
10-Sep	3,861			207,203	51,237	24.73%	2,310	147,510	71.19%	94.58%	120
11-Sep	3,737			210,940	52,179	24.74%	2,707	150,217	71.21%	94.62%	88
12-Sep	3,806			214,746	53,638	24.98%	2,241	152,458	70.99%	94.63%	106
13-Sep	3,636			218,382	54,649	25.02%	2,552	155,010	70.98%	94.67%	73
14-Sep	3,141			221,523	54,277	24.50%	3,395	158,405	71.51%	94.71%	118
15-Sep	3,507			225,030	55,000	24.44%	2,660	161,065	71.57%	94.73%	124
16-Sep	3,963			228,993	55,792	24.36%	3,036	164,101	71.66%	94.75%	135
17-Sep	3,635			232,628	56,720	24.38%	2,585	166,686	71.65%	94.76%	122
18-Sep	3,891			236,519	56,409	23.85%	4,088	170,774	72.20%	94.82%	114
19-Sep	4,168			240,687	56,889	23.64%	3,576	174,350	72.44%	94.86%	112
20-Sep	3,989			244,676	57,796	23.62%	2,977	177,327	72.47%	94.89%	105
21-Sep	4,176			248,852	58,378	23.46%	3,470	180,797	72.65%	94.92%	124
22-Sep	4,071			252,923	58,788	23.24%	3,501	184,298	72.87%	94.93%	160
23-Sep	4,465			257,388	59,453	23.10%	3,660	187,958	73.03%	94.96%	140
24-Sep	4,634			262,022	60,064	22.92%	3,895	191,853	73.22%	95.00%	128
25-Sep	4,823			266,845	60,431	22.65%	4,343	196,196	73.52%	95.05%	113
26-Sep	4,494			271,339	61,628	22.71%	3,207	199,403	73.49%	95.08%	90
27-Sep	3,874			275,213	61,813	22.46%	3,611	203,014	73.77%	95.13%	78
28-Sep	3,509			278,722	61,379	22.02%	3,856	206,870	74.22%	95.18%	87
29-Sep	4,002			282,724	61,686	21.82%	3,567	210,437	74.43%	95.20%	128
30-Sep	4,284			287,008	61,321	21.37%	4,510	214,947	74.89%	95.24%	139
1-Oct	4,174			291,182	61,839	21.24%	3,540	218,487	75.03%	95.27%	116
2-Oct	4,317			295,499	63,187	21.38%	2,853	221,340	74.90%	95.28%	116
3-Oct	4,007			299,506	63,399	21.17%	3,712	225,052	75.14%	95.32%	83
4-Oct	3,992			303,498	63,894	21.05%	3,401	228,453	75.27%	95.35%	96
5-Oct	3,622			307,120	63,274	20.60%	4,140	232,593	75.73%	95.39%	102
6-Oct	4,056			311,176	63,365	20.36%	3,844	236,437	75.98%	95.41%	121
7-Oct	4,538			315,714	63,951	20.26%	3,854	240,291	76.11%	95.44%	98
8-Oct	4,850			320,564	64,924	20.25%	3,769	244,060	76.13%	95.47%	108
9-Oct	4,094			324,658	65,314	20.12%	3,607	247,667	76.29%	95.50%	97
10-Oct	4,294			328,952	65,706	19.97%	3,814	251,481	76.45%	95.53%	88
11-Oct	4,497			333,449	66,578	19.97%	3,546	255,027	76.48%	95.56%	79
12-Oct	3,267			336,716	66,262	19.68%	3,492	258,519	76.78%	95.59%	91
13-Oct	3,906			340,622	65,299	19.17%	4,777	263,296	77.30%	95.63%	92
14-Oct	4,127			344,749	64,742	18.78%	4,555	267,851	77.69%	95.66%	129
15-Oct	4,411			349,160	63,231	18.11%	5,810	273,661	78.38%	95.71%	112
16-Oct	4,301			353,461	63,570	17.99%	3,883	277,544	78.52%	95.74%	79
17-Oct	4,301			357,762	63,739	17.82%	4,048	281,592	78.71%	95.77%	84
18-Oct	4,105			361,867	64,032	17.69%	3,732	285,324	78.85%	95.80%	80
19-Oct	3,373			365,240	63,380	17.35%	3,919	289,243	79.19%	95.82%	106
20-Oct	3,602			368,842	62,455	16.93%	4,410	293,653	79.61%	95.84%	117
21-Oct	4,267			373,109	62,743	16.82%	3,856	297,509	79.74%	95.86%	123
22-Oct	4,432			377,541	63,576	16.84%	3,497	301,006	79.73%	95.87%	102
23-Oct	4,369			381,910	63,733	16.69%	4,094	305,100	79.89%	95.89%	118
24-Oct	4,070			385,980	63,556	16.47%	4,119	309,219	80.11%	95.90%	128
25-Oct	3,732			389,712	62,649	16.08%	4,545	313,764	80.51%	95.93%	94
26-Oct	3,222			392,934	61,851	15.74%	3,908	317,672	80.85%	95.95%	112
27-Oct	3,520			396,454	60,694	15.31%	4,576	322,248	81.28%	95.98%	101
28-Oct	4,029			400,483	61,078	15.25%	3,545	325,793	81.35%	95.99%	100
29-Oct	3,565			404,048	60,569	14.99%	3,985	329,778	81.62%	96.01%	89
30-Oct	2,897			406,945	58,868	14.47%	4,517	334,295	82.15%	96.04%	81
31-Oct	3,143			410,088	58,418	14.25%	3,506	337,801	82.37%	96.06%	87
1-Nov	2,696			412,784	56,899	13.78%	4,141	341,942	82.84%	96.08%	74
2-Nov	2,618			415,402	55,792	13.43%	3,624	345,566	83.19%	96.09%	101
3-Nov	2,973			418,375	54,732	13.08%	3,931	349,497	83.54%	96.11%	102
4-Nov	3,356			421,731	54,190	12.85%	3,785	353,282	83.77%	96.12%	113
5-Nov	4,065			425,796	54,306	12.75%	3,860	357,142	83.88%	96.14%	89
6-Nov	3,778			429,574	54,427	12.67%	3,563	360,705	83.97%	96.15%	94
7-Nov	4,262			433,836	54,879	12.65%	3,712	364,417	84.00%	96.16%	98
8-Nov	3,880			437,716	54,804	12.52%	3,881	368,298	84.14%	96.18%	74
9-Nov	2,853			440,569	53,614	12.17%	3,968	372,266	84.50%	96.20%	75
10-Nov	3,779			444,348	53,846	12.12%	3,475	375,741	84.56%	96.22%	72
11-Nov	3,770			448,118	54,300	12.12%	3,241	378,982	84.57%	96.23%	75
12-Nov	4,173			452,291	55,274	12.22%	3,102	382,084	84.48%	96.24%	97
13-Nov	5,444			457,735	57,604	12.58%	3,010	385,094	84.13%	96.24%	104
14-Nov	5,272			463,007	59,765	12.91%	3,000	388,094	83.82%	96.24%	111
15-Nov	4,106			467,113	59,911	12.83%	3,897	391,991	83.92%	96.26%	63
16-Nov	3,535			470,648	59,909	12.73%	3,452	395,443	84.02%	96.28%	85
17-Nov	3,807			474,455	60,426	12.74%	3,193	398,636	84.02%	96.28%	97
18-Nov	4,265			478,720	60,870	12.72%	3,711	402,347	84.05%	96.29%	110
19-Nov	4,798			483,518	61,306	12.68%	4,265	406,612	84.09%	96.31%	97
20 Nov	4,792			488,310	62,080	12.71%	3,940	410,552	84.08%	96.32%	78
21-Nov	4,998			493,308	63,579	12.89%	3,403	413,955	83.91%	96.33%	96
22-Nov	4,360			497,668	63,596	12.78%	4,233	418,188	84.03%	96.34%	110
23-Nov	4,442			502,110	63,722	12.69%	4,198	422,386	84.12%	96.35%	118
24-Nov	4,192			506,302	64,878	12.81%	2,927	425,313	84.00%	96.35%	109
25-Nov	5,534			511,836	65,804	12.86%	4,494	429,807	83.97%	96.36%	114
26-Nov	4,917			516,753	66,752	12.92%	3,842	433,649	83.92%	96.37%	127
27-Nov	5,828			522,581	68,604	13.13%	3,807	437,456	83.71%	96.36%	169
28-Nov	5,418			527,999	69,370	13.14%	4,527	441,983	83.71%	96.37%	125
29-Nov	6,267			534,266	71,658	13.41%	3,810	445,793	83.44%	96.37%	169
30-Nov	4,617			538,883	71,420	13.25%	4,725	450,518	83.60%	96.38%	130
1-Dec	5,092			543,975	72,015	13.24%	4,361	454,879	83.62%	96.38%	136
2-Dec	5,533			549,508	73,429	13.36%	4,001	458,880	83.51%	96.39%	118
3-Dec	8,369			557,877	77,969	13.98%	3,673	462,553	82.91%	96.38%	156
4-Dec	5,803			563,680	80,023	14.20%	3,625	466,178	82.70%	96.39%	124
5-Dec	6,027			569,707	81,669	14.34%	4,271	470,449	82.58%	96.40%	110
6-Dec	6,089			575,796	83,285	14.46%	4,322	474,771	82.45%	96.40%	151
7-Dec	5,754			581,550	84,481	14.53%	4,431	479,202	82.40%	96.41%	127
8-Dec	5,292			586,842	85,345	14.54%	4,295	483,497	82.39%	96.41%	133
9-Dec	6,058			592,900	87,284	14.72%	3,948	487,445	82.21%	96.41%	171
10-Dec	6,033			598,933	88,622	14.80%	4,530	491,975	82.14%	96.41%	165
11-Dec	6,310			605,243	89,846	14.84%	4,911	496,886	82.10%	96.41%	175
12-Dec	6,388			611,631	91,602	14.98%	4,490	501,376	81.97%	96.41%	142
13-Dec	6,189			617,820	93,165	15.08%	4,460	505,836	81.87%	96.41%	166
14-Dec	5,489			623,309	93,396	14.98%	5,121	510,957	81.97%	96.42%	137
15-Dec	6,120			629,429	93,662	14.88%	5,699	516,656	82.08%	96.43%	155
16-Dec	6,725			636,154	94,922	14.92%	5,328	521,984	82.05%	96.44%	137
17-Dec	7,354			643,508	97,139	15.10%	4,995	526,979	81.89%	96.45%	142
18-Dec	6,689			650,197	98,688	15.18%	5,016	531,995	81.82%	96.46%	124
19-Dec	7,751			657,948	102,029	15.51%	4,265	536,260	81.50%	96.46%	145
20-Dec	6,982			664,930	103,239	15.53%	5,551	541,811	81.48%	96.46%	221
21-Dec	6,848			671,778	104,809	15.60%	5,073	546,884	81.41%	96.46%	205
22-Dec	6,347			678,125	105,146	15.51%	5,838	552,722	81.51%	96.46%	172
23-Dec	7,514			685,639	106,528	15.54%	5,981	558,703	81.49%	96.48%	151
24-Dec	7,199			692,838	108,269	15.63%	5,277	563,980	81.40%	96.48%	181
25-Dec	7,259			700,097	108,946	15.56%	6,324	570,304	81.46%	96.47%	258
26-Dec	6,740			706,837	109,150	15.44%	6,389	576,693	81.59%	96.49%	147
27-Dec	6,528			713,365	108,452	15.20%	6,983	583,676	81.82%	96.49%	243
28-Dec	5,854			719,219	107,789	14.99%	6,302	589,978	82.03%	96.49%	215
29-Dec	7,903			727,122	108,636	14.94%	6,805	596,783	82.07%	96.49%	251
30-Dec	8,002			735,124	109,439	14.89%	6,958	603,741	82.13%	96.49%	241
31-Dec	8,074			743,198	109,963	14.80%	7,356	611,097	82.23%	96.50%	194
1-Jan	8,072			751,270	111,005	14.78%	6,839	617,936	82.25%	96.51%	191
2-Jan	7,203			758,473	110,400	14.56%	7,582	625,518	82.47%	96.52%	226
3-Jan	6,877			765,350	110,679	14.46%	6,419	631,937	82.57%	96.53%	179
4-Jan	6,753			772,103	110,089	14.26%	7,166	639,103	82.77%	96.54%	177
5-Jan	7,445			779,548	110,693	14.20%	6,643	645,746	82.84%	96.54%	198
6-Jan	8,854			788,402	112,593	14.28%	6,767	652,513	82.76%	96.55%	187
7-Jan	9,321			797,723	114,766	14.39%	6,924	659,437	82.66%	96.56%	224
8-Jan	10,617			808,340	117,704	14.56%	7,446	666,883	82.50%	96.56%	233
9-Jan	10,046			818,386	120,928	14.78%	6,628	673,511	82.30%	96.57%	194
10-Jan	9,640			828,026	122,873	14.84%	7,513	681,024	82.25%	96.58%	182
11-Jan	8,692			836,718	123,636	14.78%	7,715	688,739	82.31%	96.59%	214
12-Jan	10,047			846,765	126,313	14.92%	7,068	695,807	82.17%	96.58%	302
13-Jan	11,278			858,043	129,628	15.11%	7,657	703,464	81.98%	96.57%	306
14-Jan	11,557			869,600	133,149	15.31%	7,741	711,205	81.79%	96.57%	295
15-Jan	12,818			882,418	138,238	15.67%	7,491	718,696	81.45%	96.58%	238
16-Jan	14,224			896,642	143,517	16.01%	8,662	727,358	81.12%	96.58%	283
17-Jan	11,287			907,929	145,482	16.02%	9,102	736,460	81.11%	96.59%	220
18-Jan	9,086			917,015	144,798	15.79%	9,475	745,935	81.34%	96.60%	295
19-Jan	10,365			927,380	146,842	15.83%	8,013	753,948	81.30%	96.59%	308
20-Jan	12,568			939,948	149,388	15.89%	9,755	763,703	81.25%	96.60%	267
21-Jan	11,703			951,651	151,658	15.94%	9,087	772,790	81.21%	96.60%	346
22-Jan	13,632			965,283	156,683	16.23%	8,357	781,147	80.92%	96.60%	250
23-Jan	12,191			977,474	158,751	16.24%	9,912	791,059	80.93%	96.62%	211
24-Jan	11,788			989,262	162,617	16.44%	7,751	798,810	80.75%	96.63%	171
25-Jan	9,994			999,256	161,636	16.18%	10,678	809,488	81.01%	96.64%	297
26-Jan	13,094			1,012,350	163,526	16.15%	10,868	820,356	81.03%	96.65%	336
27-Jan	11,948			1,024,298	164,113	16.02%	10,974	831,330	81.16%	96.65%	387
28-Jan	13,695			1,037,993	166,540	16.04%	10,792	842,122	81.13%	96.63%	476
29-Jan	13,802			1,051,795	170,017	16.16%	10,138	852,260	81.03%	96.65%	187
30-Jan	14,518			1,066,313	174,083	16.33%	10,242	862,502	80.89%	96.67%	210
31-Jan	12,001			1,078,314	175,095	16.24%	10,719	873,221	80.98%	96.68%	270
1-Feb	10,994			1,089,308	175,349	16.10%	10,461	883,682	81.12%	96.69%	279
2-Feb	10,379			1,099,687	172,576	15.69%	12,848	896,530	81.53%	96.70%	304
3-Feb	11,984			1,111,671	175,236	15.76%	9,135	905,665	81.47%	96.71%	189
4-Feb	11,434			1,123,105	174,798	15.56%	11,641	917,306	81.68%	96.73%	231
5-Feb	11,749			1,134,854	176,672	15.57%	9,674	926,980	81.68%	96.74%	201
6-Feb	12,156			1,147,010	176,433	15.38%	12,204	939,184	81.88%	96.77%	191
7-Feb	10,827			1,157,837	176,291	15.23%	10,806	949,990	82.05%	96.79%	163
8-Feb	8,242			1,166,079	171,288	14.69%	13,038	963,028	82.59%	96.81%	207
9-Feb	8,700			1,174,779	169,351	14.42%	10,424	973,452	82.86%	96.82%	213
10-Feb	8,776			1,183,555	168,416	14.23%	9,520	982,972	83.05%	96.83%	191
11-Feb	8,435			1,191,990	166,492	13.97%	10,145	993,117	83.32%	96.84%	214
12-Feb	9,869			1,201,859	165,086	13.74%	11,000	1,004,117	83.55%	96.85%	275
13-Feb	8,844			1,210,703	161,731	13.36%	11,919	1,016,036	83.92%	96.86%	280
14-Feb	6,765			1,217,468	159,012	13.06%	9,237	1,025,273	84.21%	96.86%	247
15-Feb	6,462			1,223,930	158,498	12.95%	6,792	1,032,065	84.32%	96.87%	184
16-Feb	10,029			1,233,959	160,689	13.02%	7,609	1,039,674	84.26%	96.87%	229
17-Feb	9,687			1,243,646	162,182	13.04%	8,002	1,047,676	84.24%	96.88%	192
18-Feb	9,039			1,252,685	160,494	12.81%	10,546	1,058,222	84.48%	96.89%	181
19-Feb	10,614			1,263,299	160,142	12.68%	10,783	1,069,005	84.62%	96.90%	183
20-Feb	8,054			1,271,353	158,197	12.44%	9,835	1,078,840	84.86%	96.92%	164
21-Feb	7,300			1,278,653	157,088	12.29%	8,236	1,087,076	85.02%	96.92%	173
22-Feb	10,180			1,288,833	157,148	12.19%	9,918	1,096,994	85.12%	96.93%	202
23-Feb	9,775			1,298,608	158,604	12.21%	7,996	1,104,990	85.09%	96.93%	323
24 Feb	7,533			1,306,141	158,162	12.11%	7,735	1,112,725	85.19%	96.93%	240
25-Feb	8,493			1,314,634	157,705	12.00%	8,686	1,121,411	85.30%	96.93%	264
26-Feb	8,232			1,322,866	158,408	11.97%	7,261	1,128,672	85.32%	96.93%	268
27-Feb	6,208			1,329,074	157,039	11.82%	7,382	1,136,054	85.48%	96.93%	195
28-Feb	5,560			1,334,634	155,765	11.67%	6,649	1,142,703	85.62%	96.93%	185
1-Mar	6,680			1,341,314	153,074	11.41%	9,212	1,151,915	85.88%	96.94%	159
2-Mar	5,712			1,347,026	149,645	11.11%	8,948	1,160,863	86.18%	96.95%	193
3-Mar	6,808			1,353,834	147,197	10.87%	9,053	1,169,916	86.42%	96.96%	203
4-Mar	7,264			1,361,098	147,845	10.86%	6,440	1,176,356	86.43%	96.96%	176
5-Mar	6,971			1,368,069	148,356	10.84%	6,331	1,182,687	86.45%	96.96%	129
6-Mar	5,767			1,373,836	147,172	10.71%	6,823	1,189,510	86.58%	96.97%	128
7-Mar	5,826			1,379,662	147,740	10.71%	5,146	1,194,656	86.59%	96.97%	112
8-Mar	6,894			1,386,556	145,628	10.50%	8,725	1,203,381	86.79%	96.97%	281
9-Mar	6,389			1,392,945	144,311	10.36%	7,496	1,210,877	86.93%	96.98%	210
10-Mar	5,633			1,398,578	144,213	10.31%	5,556	1,216,433	86.98%	96.98%	175
11-Mar	5,144			1,403,722	141,070	10.05%	8,170	1,224,603	87.24%	96.99%	117
12-Mar	6,412			1,410,134	140,451	9.96%	6,851	1,231,454	87.33%	96.99%	180
13-Mar	4,607			1,414,741	138,942	9.82%	6,016	1,237,470	87.47%	97.00%	100
14-Mar	4,714			1,419,455	137,912	9.72%	5,647	1,243,117	87.58%	97.00%	97
15-Mar	5,589			1,425,044	136,524	9.58%	6,830	1,249,947	87.71%	97.01%	147
16-Mar	5,414			1,430,458	134,042	9.37%	7,716	1,257,663	87.92%	97.01%	180
17-Mar	6,825			1,437,283	131,695	9.16%	9,010	1,266,673	88.13%	97.02%	162
18-Mar	6,570			1,443,853	131,753	9.13%	6,285	1,272,958	88.16%	97.02%	227
19-Mar	6,279			1,450,132	131,828	9.09%	6,007	1,278,965	88.20%	97.02%	197
20-Mar	5,656			1,455,788	131,616	9.04%	5,760	1,284,725	88.25%	97.02%	108
21-Mar	4,396			1,460,184	129,844	8.89%	6,065	1,290,790	88.40%	97.03%	103
22-Mar	5,744			1,465,928	128,250	8.75%	7,177	1,297,967	88.54%	97.03%	161
23-Mar	5,297			1,471,225	126,439	8.59%	6,954	1,304,921	88.70%	97.04%	154
24-Mar	5,227			1,476,452	123,926	8.39%	7,622	1,312,543	88.90%	97.04%	118
25-Mar	6,107			1,482,559	125,279	8.45%	4,656	1,317,199	88.85%	97.05%	98
26-Mar	4,982			1,487,541	124,497	8.37%	5,679	1,322,878	88.93%	97.05%	85
27-Mar	4,461			1,492,002	124,517	8.35%	4,243	1,327,121	88.95%	97.05%	198
28-Mar	4,083			1,496,085	124,236	8.30%	4,279	1,331,400	88.99%	97.05%	85
29-Mar	5,008			1,501,093	123,694	8.24%	5,418	1,336,818	89.06%	97.05%	132
30-Mar	4,682			1,505,775	122,326	8.12%	5,877	1,342,695	89.17%	97.05%	173
31-Mar	5,937			1,511,712	122,524	8.10%	5,635	1,348,330	89.19%	97.06%	104
1-Apr	6,142			1,517,854	121,222	7.99%	7,248	1,355,578	89.31%	97.06%	196
2-Apr	5,325			1,523,179	121,011	7.94%	5,439	1,361,017	89.35%	97.07%	97
3-Apr	4,345			1,527,524	120,068	7.86%	5,197	1,366,214	89.44%	97.07%	91
4-Apr	6,731			1,534,255	116,709	7.61%	9,663	1,375,877	89.68%	97.06%	427
5-Apr	3,712			1,537,967	114,475	7.44%	5,800	1,381,677	89.84%	97.06%	146
6-Apr	4,549			1,542,516	114,566	7.43%	4,296	1,385,973	89.85%	97.06%	162
7-Apr	4,860			1,547,376	113,570	7.34%	5,769	1,391,742	89.94%	97.07%	87
8-Apr	5,504			1,552,880	111,271	7.17%	7,640	1,399,382	90.12%	97.07%	163
9-Apr	5,265			1,558,145	110,138	7.07%	6,277	1,405,659	90.21%	97.08%	121
10-Apr	4,723			1,562,868	111,137	7.11%	3,629	1,409,288	90.17%	97.08%	95
11-Apr	4,127			1,566,995	109,958	7.02%	5,219	1,414,507	90.27%	97.08%	87
12-Apr	4,829			1,571,824	109,372	6.96%	5,289	1,419,796	90.33%	97.08%	126
13-Apr	5,702			1,577,526	108,599	6.88%	6,349	1,426,145	90.40%	97.09%	126
14-Apr	5,656			1,583,182	108,384	6.85%	5,747	1,431,892	90.44%	97.09%	124
15-Apr	6,177			1,589,359	108,032	6.80%	6,362	1,438,254	90.49%	97.09%	167
16-Apr	5,363			1,594,722	107,297	6.73%	5,975	1,444,229	90.56%	97.10%	123
17-Apr	5,041			1,599,763	106,243	6.64%	5,963	1,450,192	90.65%	97.10%	132
18-Apr	4,585			1,604,348	105,859	6.60%	4,873	1,455,065	90.70%	97.10%	96
19-Apr	4,952			1,609,300	104,319	6.48%	6,349	1,461,414	90.81%	97.11%	143
20-Apr	5,549			1,614,849	102,930	6.37%	6,728	1,468,142	90.92%	97.10%	210
21-Apr	5,720			1,620,569	101,106	6.24%	7,314	1,475,456	91.05%	97.10%	230
22-Apr	6,243			1,626,812	101,191	6.22%	5,993	1,481,449	91.06%	97.10%	165
23-Apr	5,436			1,632,248	100,533	6.16%	5,920	1,487,369	91.12%	97.10%	174
24-Apr	4,544			1,636,792	99,970	6.11%	4,953	1,492,322	91.17%	97.10%	154
25-Apr	4,402			1,641,194	100,474	6.12%	3,804	1,496,126	91.16%	97.11%	94
26-Apr	5,944			1,647,138	100,652	6.11%	5,589	1,501,715	91.17%	97.10%	177
27-Apr	4,656			1,651,794	100,256	6.07%	4,884	1,506,599	91.21%	97.10%	168
28-Apr	5,241			1,657,035	100,502	6.07%	4,818	1,511,417	91.21%	97.10%	177
29-Apr	5,833			1,662,868	100,102	6.02%	6,015	1,517,432	91.25%	97.10%	218
30-Apr	5,500			1,668,368	100,213	6.01%	5,202	1,522,634	91.26%	97.10%	187
1-May	4,512			1,672,880	100,250	5.99%	4,344	1,526,978	91.28%	97.10%	131
2-May	4,394			1,677,274	100,760	6.01%	3,740	1,530,718	91.26%	97.10%	144
3-May	4,730			1,682,004	100,564	5.98%	4,773	1,535,491	91.29%	97.09%	153
4-May	4,369			1,686,373	99,087	5.88%	5,658	1,541,149	91.39%	97.09%	188
5-May	5,285			1,691,658	98,217	5.81%	5,943	1,547,092	91.45%	97.09%	212
6-May	5,647			1,697,305	98,277	5.79%	5,440	1,552,532	91.47%	97.09%	147
7-May	6,327			1,703,632	98,546	5.78%	5,891	1,558,423	91.48%	97.09%	167
8-May	6,130			1,709,762	99,003	5.79%	5,494	1,563,917	91.47%	97.09%	179
9-May	3,922			1,713,684	98,395	5.74%	4,360	1,568,277	91.51%	97.09%	170
10-May	4,891			1,718,575	96,742	5.63%	6,338	1,574,615	91.62%	97.09%	206
11-May	5,021			1,723,596	95,924	5.57%	5,592	1,580,207	91.68%	97.08%	247
12-May	4,608			1,728,204	95,709	5.54%	4,671	1,584,878	91.71%	97.08%	152
13-May	3,448			1,731,652	94,857	5.48%	4,201	1,589,079	91.77%	97.08%	99
14-May	2,633			1,734,285	93,576	5.40%	3,807	1,592,886	91.85%	97.09%	107
15-May	2,385			1,736,670	91,636	5.28%	4,181	1,597,067	91.96%	97.08%	144
16-May	3,080			1,739,750	90,800	5.22%	3,790	1,600,857	92.02%	97.08%	126
17-May	4,295			1,744,045	89,129	5.11%	5,754	1,606,611	92.12%	97.08%	212
18-May	4,185			1,748,230	87,514	5.01%	5,628	1,612,239	92.22%	97.08%	172
19-May	4,871			1,753,101	87,829	5.01%	4,364	1,616,603	92.21%	97.08%	192
20-May	5,797			1,758,898	88,439	5.03%	4,969	1,621,572	92.19%	97.07%	218
21-May	5,746			1,764,644	89,429	5.07%	4,570	1,626,142	92.15%	97.07%	186
22-May	5,296			1,769,940	91,240	5.15%	3,353	1,629,495	92.06%	97.07%	132
23-May	5,280			1,775,220	92,847	5.23%	3,550	1,633,045	91.99%	97.07%	123
24-May	5,907			1,781,127	93,393	5.24%	5,234	1,638,279	91.98%	97.07%	127
25-May	5,060			1,786,187	94,486	5.29%	3,795	1,642,074	91.93%	97.07%	172
26-May	5,034			1,791,221	96,187	5.37%	3,189	1,645,263	91.85%	97.06%	144
27-May	6,278			1,797,499	98,405	5.47%	3,924	1,649,187	91.75%	97.06%	136
28-May	5,862			1,803,361	98,704	5.47%	5,370	1,654,557	91.75%	97.06%	193
29-May	6,565			1,809,926	99,690	5.51%	5,417	1,659,974	91.72%	97.06%	162
30-May	6,115			1,816,041	101,639	5.60%	4,024	1,663,998	91.63%	97.06%	142
31-May	5,662			1,821,703	102,006	5.60%	5,121	1,669,119	91.62%	97.06%	174
1-Jun	4,824			1,826,527	101,325	5.55%	5,360	1,674,479	91.68%	97.06%	145
2-Jun	5,246			1,831,773	100,364	5.48%	6,022	1,680,501	91.74%	97.06%	185
3-Jun	5,353			1,837,126	94,438	5.14%	11,092	1,691,593	92.08%	97.07%	187
4-Jun	6,486			1,843,612	94,773	5.14%	5,950	1,697,543	92.08%	97.07%	201
5-Jun	6,594			1,850,206	96,973	5.24%	4,241	1,701,784	91.98%	97.07%	153
6-Jun	5,832			1,856,038	98,455	5.30%	4,187	1,705,971	91.91%	97.06%	163
7-Jun	6,993			1,863,031	99,663	5.35%	5,594	1,711,565	91.87%	97.06%	191
8-Jun	6,294			1,869,325	99,963	5.35%	5,805	1,717,370	91.87%	97.06%	189
9-Jun	7,725			1,877,050	101,635	5.41%	5,883	1,723,253	91.81%	97.06%	170
10-Jun	8,892			1,885,942	104,655	5.55%	5,661	1,728,914	91.67%	97.06%	211
11-Jun	8,083			1,894,025	106,315	5.61%	6,230	1,735,144	91.61%	97.06%	193
12-Jun	7,465			1,901,490	108,324	5.70%	5,292	1,740,436	91.53%	97.06%	164
13-Jun	9,868			1,911,358	113,388	5.93%	4,655	1,745,091	91.30%	97.06%	149
14-Jun	8,189			1,919,547	115,197	6.00%	6,143	1,751,234	91.23%	97.06%	237
15-Jun	8,161			1,927,708	116,787	6.06%	6,407	1,757,641	91.18%	97.06%	164
16-Jun	9,944			1,937,652	120,306	6.21%	6,229	1,763,870	91.03%	97.06%	196
17-Jun	12,624			1,950,276	125,303	6.42%	7,350	1,771,220	90.82%	97.05%	277
18-Jun	12,990			1,963,266	130,096	6.63%	7,907	1,779,127	90.62%	97.05%	290
19-Jun	12,906			1,976,172	135,738	6.87%	7,016	1,786,143	90.38%	97.05%	248
20-Jun	13,737			1,989,909	142,719	7.17%	6,385	1,792,528	90.08%	97.04%	371
21-Jun	14,536			2,004,445	147,728	7.37%	9,233	1,801,761	89.89%	97.04%	294
22-Jun	13,668			2,018,113	152,686	7.57%	8,375	1,810,136	89.69%	97.04%	335
23-Jun	15,308			2,033,421	160,524	7.89%	7,167	1,817,303	89.37%	97.03%	303
24-Jun	20,574			2,053,995	171,542	8.35%	9,201	1,826,504	88.92%	97.03%	355
25-Jun	18,872			2,072,867	181,435	8.75%	8,557	1,835,061	88.53%	97.02%	422
26-Jun	21,095			2,093,962	194,776	9.30%	7,396	1,842,457	87.99%	97.01%	358
27-Jun	21,342			2,115,304	207,685	9.82%	8,024	1,850,481	87.48%	97.00%	409
28-Jun	20,694			2,135,998	218,476	10.23%	9,480	1,859,961	87.08%	97.00%	423
29-Jun	20,467			2,156,465	228,835	10.61%	9,645	1,869,606	86.70%	96.99%	463
30-Jun	21,807			2,178,272	239,368	10.99%	10,807	1,880,413	86.33%	96.98%	467
1-Jul	24,836			2,203,108	253,826	11.52%	9,874	1,890,287	85.80%	96.97%	504
2-Jul	25,830			2,228,938	267,539	12.00%	11,578	1,901,865	85.33%	96.96%	539
3-Jul	27,913			2,256,851	281,677	12.48%	13,282	1,915,147	84.86%	96.96%	493
4-Jul	27,233			2,284,084	295,228	12.93%	13,127	1,928,274	84.42%	96.95%	555
5-Jul	29,745			2,313,829	309,999	13.40%	14,416	1,942,690	83.96%	96.95%	558
6-Jul	31,189			2,345,018	324,597	13.84%	15,863	1,958,553	83.52%	96.94%	728
7-Jul	34,379			2,379,397	343,101	14.42%	14,835	1,973,388	82.94%	96.91%	1,040
8-Jul	38,391			2,417,788	359,455	14.87%	21,185	1,994,573	82.50%	96.90%	852
9-Jul	38,124			2,455,912	367,733	14.97%	28,975	2,023,548	82.39%	96.90%	871
10-Jul	35,094			2,491,006	373,440	14.99%	28,561	2,052,109	82.38%	96.91%	826
11-Jul	36,197			2,527,203	376,015	14.88%	32,615	2,084,724	82.49%	96.91%	1,007
12-Jul	40,427			2,567,630	380,797	14.83%	34,754	2,119,478	82.55%	96.92%	891
13-Jul	47,899			2,615,529	407,709	15.59%	20,123	2,139,601	81.80%	96.91%	864
14-Jul	54,517			2,670,046	443,473	16.61%	17,762	2,157,363	80.80%	96.89%	991
15-Jul	56,757			2,726,803	480,199	17.61%	19,049	2,176,412	79.82%	96.88%	982
16-Jul	54,000			2,780,803	504,915	18.16%	28,079	2,204,491	79.28%	96.86%	1,205
17-Jul	51,952			2,832,755	527,872	18.63%	27,903	2,232,394	78.81%	96.85%	1,092
18-Jul	44,721			2,877,476	542,236	18.84%	29,264	2,261,658	78.60%	96.85%	1,093
19-Jul	34,257			2,911,733	542,938	18.65%	32,217	2,293,875	78.78%	96.84%	1,338
20-Jul	38,325			2,950,058	550,192	18.65%	29,791	2,323,666	78.77%	96.82%	1,280
21-Jul	33,772			2,983,830	549,694	18.42%	32,887	2,356,553	78.98%	96.81%	1,383
22-Jul	49,509			3,033,339	561,384	18.51%	36,370	2,392,923	78.89%	96.80%	1,449
23-Jul	49,071			3,082,410	569,901	18.49%	38,988	2,431,911	78.90%	96.79%	1,566
24-Jul	45,416			3,127,826	574,135	18.36%	39,767	2,471,678	79.02%	96.79%	1,415
25-Jul	38,679			3,166,505	573,908	18.12%	37,640	2,509,318	79.25%	96.79%	1,266
26-Jul	28,228			3,194,733	560,275	17.54%	40,374	2,549,692	79.81%	96.78%	1,487
27-Jul	45,203			3,239,936	556,281	17.17%	47,128	2,596,820	80.15%	96.76%	2,069
28-Jul	47,791			3,287,727	558,392	16.98%	43,856	2,640,676	80.32%	96.75%	1,824
29-Jul	43,479			3,331,206	554,484	16.65%	45,494	2,686,170	80.64%	96.74%	1,893
30-Jul	41,168			3,372,374	549,343	16.29%	44,550	2,730,720	80.97%	96.73%	1,759
31-Jul	37,284			3,409,658	545,447	16.00%	39,372	2,770,092	81.24%	96.71%	1,808
1-Aug	30,738			3,440,396	535,135	15.55%	39,446	2,809,538	81.66%	96.71%	1,604
2-Aug	22,404			3,462,800	523,164	15.11%	32,807	2,842,345	82.08%	96.69%	1,568
3-Aug	33,900			3,496,700	524,142	14.99%	31,324	2,873,669	82.18%	96.67%	1,598
4-Aug	35,867			3,532,567	524,011	14.83%	34,251	2,907,920	82.32%	96.66%	1,747
5-Aug	35,764			3,568,331	518,310	14.53%	39,726	2,947,646	82.61%	96.64%	1,739
6-Aug	39,532			3,607,863	507,375	14.06%	48,832	2,996,478	83.05%	96.65%	1,635
7-Aug	31,753			3,639,616	497,824	13.68%	39,716	3,036,194	83.42%	96.64%	1,588
8-Aug	26,415			3,666,031	474,233	12.94%	48,508	3,084,702	84.14%	96.64%	1,498
9-Aug	20,709			3,686,740	448,508	12.17%	44,959	3,129,661	84.89%	96.65%	1,475
10-Aug	32,081			3,718,821	437,055	11.75%	41,486	3,171,147	85.27%	96.63%	2,048
11-Aug	30,625			3,749,446	426,170	11.37%	39,931	3,211,078	85.64%	96.62%	1,579
12-Aug	24,709			3,774,155	412,776	10.94%	36,637	3,247,715	86.05%	96.62%	1,466
13-Aug	30,788			3,804,943	400,129	10.52%	42,003	3,289,718	86.46%	96.62%	1,432
14-Aug	28,598			3,833,541	395,577	10.32%	31,880	3,321,598	86.65%	96.62%	1,270
15-Aug	20,813			3,854,354	384,807	9.98%	30,361	3,351,959	86.97%	96.61%	1,222
16-Aug	17,384			3,871,738	371,021	9.58%	29,925	3,381,884	87.35%	96.61%	1,245
17-Aug	20,741			3,892,479	358,357	9.21%	32,225	3,414,109	87.71%	96.60%	1,180
18-Aug	15,768			3,908,247	343,203	8.78%	29,794	3,443,903	88.12%	96.60%	1,128
19-Aug	22,053			3,930,300	334,752	8.52%	29,012	3,472,915	88.36%	96.59%	1,492
20-Aug	20,004			3,950,304	327,286	8.29%	26,122	3,499,037	88.58%	96.58%	1,348
21-Aug	16,744			3,967,048	319,658	8.06%	23,011	3,522,048	88.78%	96.56%	1,361
22-Aug	12,408			3,979,456	306,760	7.71%	24,276	3,546,324	89.12%	96.56%	1,030
23-Aug	9,604			3,989,060	290,764	7.29%	24,758	3,571,082	89.52%	96.56%	842
24-Aug	19,106			4,008,166	273,750	6.83%	35,082	3,606,164	89.97%	96.57%	1,038
25-Aug	18,671			4,026,837	257,677	6.40%	33,703	3,639,867	90.39%	96.57%	1,041
26-Aug	16,899			4,043,736	243,588	6.02%	30,099	3,669,966	90.76%	96.57%	889
27-Aug	12,618			4,056,354	236,317	5.83%	19,290	3,689,256	90.95%	96.58%	599
28-Aug	10,050			4,066,404	227,182	5.59%	18,594	3,707,850	91.18%	96.58%	591
29-Aug	7,427			4,073,831	217,590	5.34%	16,468	3,724,318	91.42%	96.58%	551
30-Aug	5,436			4,079,267	203,060	4.98%	19,398	3,743,716	91.77%	96.58%	568
31-Aug	10,534			4,089,801	196,281	4.80%	16,781	3,760,497	91.95%	96.58%	532
1-Sep	10,337			4,100,138	189,571	4.62%	16,394	3,776,891	92.12%	96.58%	653
2-Sep	8,955			4,109,093	176,638	4.30%	21,208	3,798,099	92.43%	96.58%	680
3-Sep	7,797			4,116,890	168,317	4.09%	15,544	3,813,643	92.63%	96.58%	574
4-Sep	6,727			4,123,617	160,699	3.90%	13,806	3,827,449	92.82%	96.58%	539
5-Sep	5,403			4,129,020	155,519	3.77%	10,191	3,837,640	92.94%	96.58%	392
